{"cameraMode":{"drawMode":0,"name":"Shaded","section":"Shading Mode"},"sceneLighting":false,"audioPlay":false,"sceneViewState":{"m_AlwaysRefresh":false,"showFog":true,"showSkybox":false,"showFlares":true,"showImageEffects":true,"showParticleSystems":true,"showVisualEffectGraphs":true,"m_FxEnabled":true},"in2DMode":false,"pivot":{"x":0.003122568130493164,"y":0.4167786240577698,"z":0.0004589855670928955},"rotation":{"x":-0.3074226677417755,"y":-0.6721235513687134,"z":0.36507803201675417,"w":-0.5665449500083923},"size":0.5471378564834595,"orthographic":false}