{"cameraMode":{"drawMode":0,"name":"Shaded","section":"Shading Mode"},"sceneLighting":false,"audioPlay":false,"sceneViewState":{"m_AlwaysRefresh":false,"showFog":true,"showSkybox":false,"showFlares":true,"showImageEffects":true,"showParticleSystems":true,"showVisualEffectGraphs":true,"m_FxEnabled":true},"in2DMode":false,"pivot":{"x":0.8614721298217773,"y":0.6726462244987488,"z":-0.9126896858215332},"rotation":{"x":0.21565967798233033,"y":0.6681221127510071,"z":-0.20960454642772675,"w":0.6808719635009766},"size":1.6948235034942628,"orthographic":false}