{"cameraMode":{"drawMode":0,"name":"Shaded","section":"Shading Mode"},"sceneLighting":true,"audioPlay":false,"sceneViewState":{"m_AlwaysRefresh":false,"showFog":true,"showSkybox":true,"showFlares":true,"showImageEffects":true,"showParticleSystems":true,"showVisualEffectGraphs":true,"m_FxEnabled":true},"in2DMode":false,"pivot":{"x":2.109236240386963,"y":1.0281312465667725,"z":100.04437255859375},"rotation":{"x":0.09769943356513977,"y":-0.10995466262102127,"z":-0.013312432914972306,"w":-0.9893714189529419},"size":6.354835510253906,"orthographic":false}