{"cameraMode":{"drawMode":0,"name":"Shaded","section":"Shading Mode"},"sceneLighting":false,"audioPlay":false,"sceneViewState":{"m_AlwaysRefresh":false,"showFog":true,"showSkybox":false,"showFlares":true,"showImageEffects":true,"showParticleSystems":true,"showVisualEffectGraphs":true,"m_FxEnabled":true},"in2DMode":false,"pivot":{"x":4.9517998695373539,"y":3.2637104988098146,"z":-8.935196876525879},"rotation":{"x":0.17371030151844026,"y":0.6714522242546082,"z":-0.16535523533821107,"w":0.7016310095787048},"size":3.6501078605651857,"orthographic":false}