{"cameraMode":{"drawMode":0,"name":"Shaded","section":"Shading Mode"},"sceneLighting":false,"audioPlay":false,"sceneViewState":{"m_AlwaysRefresh":false,"showFog":true,"showSkybox":false,"showFlares":true,"showImageEffects":true,"showParticleSystems":true,"showVisualEffectGraphs":true,"m_FxEnabled":true},"in2DMode":false,"pivot":{"x":-0.003226928412914276,"y":-0.015866242349147798,"z":0.012054443359375},"rotation":{"x":-0.007005955092608929,"y":-0.9104556441307068,"z":0.41382020711898806,"w":-0.014755075797438622},"size":0.08161839097738266,"orthographic":false}