{"cameraMode":{"drawMode":0,"name":"Shaded","section":"Shading Mode"},"sceneLighting":false,"audioPlay":false,"sceneViewState":{"m_AlwaysRefresh":false,"showFog":true,"showSkybox":false,"showFlares":true,"showImageEffects":true,"showParticleSystems":true,"showVisualEffectGraphs":true,"m_FxEnabled":true},"in2DMode":false,"pivot":{"x":-0.5463983416557312,"y":2.6590304374694826,"z":0.3471667468547821},"rotation":{"x":0.004555043764412403,"y":0.9737861156463623,"z":-0.22657795250415803,"w":0.01957661658525467},"size":5.310706615447998,"orthographic":false}