{"cameraMode":{"drawMode":0,"name":"Shaded","section":"Shading Mode"},"sceneLighting":false,"audioPlay":false,"sceneViewState":{"m_AlwaysRefresh":false,"showFog":true,"showSkybox":false,"showFlares":true,"showImageEffects":true,"showParticleSystems":true,"showVisualEffectGraphs":true,"m_FxEnabled":true},"in2DMode":false,"pivot":{"x":-0.3087979555130005,"y":0.4787199795246124,"z":-0.09503751993179321},"rotation":{"x":0.06345567852258682,"y":0.8721397519111633,"z":-0.11600743234157562,"w":0.4713018536567688},"size":2.1617486476898195,"orthographic":false}