{"cameraMode":{"drawMode":0,"name":"Shaded","section":"Shading Mode"},"sceneLighting":false,"audioPlay":false,"sceneViewState":{"m_AlwaysRefresh":false,"showFog":true,"showSkybox":false,"showFlares":true,"showImageEffects":true,"showParticleSystems":true,"showVisualEffectGraphs":true,"m_FxEnabled":true},"in2DMode":false,"pivot":{"x":-0.05429697036743164,"y":0.6588536500930786,"z":-0.036014288663864139},"rotation":{"x":0.32002729177474978,"y":0.6183398365974426,"z":-0.303332656621933,"w":0.650705873966217},"size":1.279145359992981,"orthographic":false}