{"cameraMode":{"drawMode":0,"name":"Shaded","section":"Shading Mode"},"sceneLighting":false,"audioPlay":false,"sceneViewState":{"m_AlwaysRefresh":false,"showFog":true,"showSkybox":false,"showFlares":true,"showImageEffects":true,"showParticleSystems":true,"showVisualEffectGraphs":true,"m_FxEnabled":true},"in2DMode":false,"pivot":{"x":-3.5762786865234377e-7,"y":1.4756355285644532,"z":-1.1920928955078126e-7},"rotation":{"x":-0.0003086263022851199,"y":-0.9926478862762451,"z":0.011536986567080021,"w":0.12373872846364975},"size":2.468277931213379,"orthographic":false}